<?xml version="1.0" encoding="UTF-8"?>
<project-private xmlns="http://www.netbeans.org/ns/project-private/1">
    <editor-bookmarks xmlns="http://www.netbeans.org/ns/editor-bookmarks/2" lastBookmarkId="0"/>
    <open-files xmlns="http://www.netbeans.org/ns/projectui-open-files/2">
        <group>
            <file>file:/C:/Users/M/NetBeansProjects/OOP/3D/src/pkg3d/Triangle.java</file>
            <file>file:/C:/Users/M/NetBeansProjects/OOP/3D/src/pkg3d/Vect.java</file>
            <file>file:/C:/Users/M/NetBeansProjects/OOP/3D/src/pkg3d/Point3d.java</file>
            <file>file:/C:/Users/M/NetBeansProjects/OOP/3D/src/pkg3d/R_3D.java</file>
        </group>
    </open-files>
</project-private>
